{"name":"pract_qSearchAsk","identifier":"1VL16P4DHR","description":"To ask whether the data is accessible or not. \nWe have the data: Search\nWe don't have the data: Ask","parentIntentSignature":null,"sampleUtterances":[{"utterance":"I want to predict if my patient is at risk of Diabetes"},{"utterance":"I would like the second option"},{"utterance":"I want to predict if someone is at risk of developing diabetes"},{"utterance":"Number 2"},{"utterance":"second option"},{"utterance":"option two"},{"utterance":"I am a practitioner"},{"utterance":"I want to predict if a patient is at risk"},{"utterance":"existing"}],"intentConfirmationSetting":null,"intentClosingSetting":{"isActive":true,"closingResponse":{"messageGroupsList":[{"message":{"plainTextMessage":{"value":"Do we have the data in the system? If so, I will retrieve the information. But, you can also give me the details"},"customPayload":null,"ssmlMessage":null,"imageResponseCard":null},"variations":[{"plainTextMessage":{"value":"Is this an existing patient or a simulation? If it is an existing patient I must have the information at hand, otherwise I will have to ask you a few questions"},"customPayload":null,"ssmlMessage":null,"imageResponseCard":null}]}],"allowInterrupt":true}},"inputContexts":null,"outputContexts":[{"name":"qAskSearch","turnsToLive":5,"timeToLiveInSeconds":90}],"kendraConfiguration":null,"dialogCodeHook":null,"fulfillmentCodeHook":{"postFulfillmentStatusSpecification":{"timeoutResponse":null,"failureResponse":null,"successResponse":{"messageGroupsList":[{"message":{"plainTextMessage":{"value":"Have you or the patient already completed the form?"},"customPayload":null,"ssmlMessage":null,"imageResponseCard":null},"variations":null}],"allowInterrupt":true}},"fulfillmentUpdatesSpecification":null,"enabled":false},"slotPriorities":[]}