{"name":"blood_pressure","identifier":"TTX1JLBNUR","description":null,"slotTypeName":"blood_pressure","obfuscationSetting":null,"valueElicitationSetting":{"promptSpecification":{"messageGroupsList":[{"message":{"plainTextMessage":null,"customPayload":null,"ssmlMessage":null,"imageResponseCard":{"title":"Are you currently taking medication for high blood pressure?","buttonsList":[{"value":"Yes","text":"a. Yes"},{"value":"No","text":"b. No"}],"subtitle":null,"imageUrl":null}},"variations":null}],"maxRetries":2,"allowInterrupt":true},"defaultValueSpecification":null,"waitAndContinueSpecification":null,"slotConstraint":"Required","sampleUtterances":null},"multipleValuesSetting":null}