{"name":"bloodPressure","identifier":"OCGLXKHYA9","description":null,"slotTypeName":"AMAZON.Number","obfuscationSetting":null,"valueElicitationSetting":{"promptSpecification":{"messageGroupsList":[{"message":{"plainTextMessage":{"value":"Blood pressure?"},"customPayload":null,"ssmlMessage":null,"imageResponseCard":null},"variations":null}],"maxRetries":4,"allowInterrupt":true},"defaultValueSpecification":null,"waitAndContinueSpecification":null,"slotConstraint":"Required","sampleUtterances":null},"multipleValuesSetting":null}