{"name":"alcohol","identifier":"SWTRGPTYB8","description":null,"slotTypeValues":[{"synonyms":[{"value":"daily"},{"value":"a"}],"sampleValue":{"value":"daily"}},{"synonyms":[{"value":"weekly"},{"value":"b"}],"sampleValue":{"value":"weekly"}},{"synonyms":[{"value":"monthly"},{"value":"c"}],"sampleValue":{"value":"monthly"}},{"synonyms":[{"value":"occasionally"},{"value":"d"}],"sampleValue":{"value":"occasionally"}},{"synonyms":[{"value":"zero"},{"value":"never"},{"value":"e"}],"sampleValue":{"value":"never"}}],"parentSlotTypeSignature":null,"valueSelectionSetting":{"resolutionStrategy":"TOP_RESOLUTION","regexFilter":null}}