{"name":"bmi","identifier":"AT8BQLNE8T","description":null,"slotTypeName":"AMAZON.Number","obfuscationSetting":null,"valueElicitationSetting":{"promptSpecification":{"messageGroupsList":[{"message":{"plainTextMessage":{"value":"Last one. BMI?"},"customPayload":null,"ssmlMessage":null,"imageResponseCard":null},"variations":null}],"maxRetries":4,"allowInterrupt":true},"defaultValueSpecification":null,"waitAndContinueSpecification":null,"slotConstraint":"Required","sampleUtterances":null},"multipleValuesSetting":null}