{"name":"ageGroup","identifier":"WDWHXKJUVX","description":null,"slotTypeValues":[{"synonyms":[{"value":"Under 35"},{"value":"less than 35"},{"value":"a"},{"value":"1"},{"value":"younger than  35"},{"value":"18"},{"value":"19"},{"value":"20"},{"value":"21"},{"value":"22"},{"value":"23"},{"value":"24"},{"value":"25"},{"value":"26"},{"value":"27"},{"value":"28"},{"value":"29"},{"value":"30"},{"value":"31"},{"value":"32"},{"value":"33"},{"value":"34"},{"value":"Younger than 35 years old"}],"sampleValue":{"value":"00-34"}},{"synonyms":[{"value":"35-44 years"},{"value":"under 44"},{"value":"less than 44"},{"value":"b"},{"value":"2"},{"value":"younger than 44"},{"value":"35"},{"value":"36"},{"value":"37"},{"value":"38"},{"value":"39"},{"value":"40"},{"value":"41"},{"value":"42"},{"value":"43"},{"value":"44"},{"value":"between 35 and 44 years"}],"sampleValue":{"value":"35-44"}},{"synonyms":[{"value":"45-54 years"},{"value":"under 54"},{"value":"less than 54"},{"value":"c"},{"value":"3"},{"value":"younger than 54"},{"value":"45"},{"value":"46"},{"value":"47"},{"value":"48"},{"value":"49"},{"value":"50"},{"value":"51"},{"value":"52"},{"value":"53"},{"value":"54"},{"value":"between 45 and 54 years "}],"sampleValue":{"value":"45-54"}},{"synonyms":[{"value":"55-64 years"},{"value":"under 64"},{"value":"less than 64"},{"value":"d"},{"value":"4"},{"value":" younger than 64"},{"value":"55"},{"value":"56"},{"value":"57"},{"value":"58"},{"value":"59"},{"value":"60"},{"value":"61"},{"value":"62"},{"value":"63"},{"value":"64"},{"value":"between 55 and 64 years"}],"sampleValue":{"value":"55-64"}},{"synonyms":[{"value":"65-99 years"},{"value":"older than 65"},{"value":"e"},{"value":"5"},{"value":"65 years or over"}],"sampleValue":{"value":"65-99"}}],"parentSlotTypeSignature":null,"valueSelectionSetting":{"resolutionStrategy":"TOP_RESOLUTION","regexFilter":null}}