{"name":"glucose","identifier":"HTMYY8VILN","description":null,"slotTypeName":"AMAZON.Number","obfuscationSetting":null,"valueElicitationSetting":{"promptSpecification":{"messageGroupsList":[{"message":{"plainTextMessage":{"value":"Ok, Please provide some details. What is glucose level?"},"customPayload":null,"ssmlMessage":null,"imageResponseCard":null},"variations":null}],"maxRetries":4,"allowInterrupt":true},"defaultValueSpecification":null,"waitAndContinueSpecification":null,"slotConstraint":"Required","sampleUtterances":null},"multipleValuesSetting":null}