{"name":"Welcome","identifier":"96QYBLUGBK","description":null,"parentIntentSignature":null,"sampleUtterances":[{"utterance":"Hello"},{"utterance":"Hi"},{"utterance":"I need help"},{"utterance":"Can I get some help?"},{"utterance":"I need assistance?"},{"utterance":"Hola"}],"intentConfirmationSetting":null,"intentClosingSetting":null,"inputContexts":null,"outputContexts":null,"kendraConfiguration":null,"dialogCodeHook":null,"fulfillmentCodeHook":{"postFulfillmentStatusSpecification":null,"fulfillmentUpdatesSpecification":null,"enabled":false},"slotPriorities":[{"priority":1,"slotName":"service"}]}