{"name":"service","identifier":"H4G9SODGFQ","description":null,"slotTypeName":"services","obfuscationSetting":null,"valueElicitationSetting":{"promptSpecification":{"messageGroupsList":[{"message":{"plainTextMessage":null,"customPayload":null,"ssmlMessage":null,"imageResponseCard":{"title":"Hello, This is DiaBot. A service made to fight against Diabetes. How can we help you:","buttonsList":[{"value":"I want to know if I am at risk","text":"1. Diabetes Risk Calculator"},{"value":"I want to predict if a patient is at risk","text":"2. Predict based on clinical data"},{"value":"I want to know more about Diabetes","text":"3. I want to know more about Diabetes"}],"subtitle":"We can help you to: 1. Predict If I am at risk of Diabetes (Patients) 2. Predict if a patient is at risk of Diabetes (Practitioners) 3. Find the best places to get information or help (Everyone) ","imageUrl":null}},"variations":null}],"maxRetries":2,"allowInterrupt":true},"defaultValueSpecification":null,"waitAndContinueSpecification":null,"slotConstraint":"Required","sampleUtterances":null},"multipleValuesSetting":null}