{"name":"pract_Search","identifier":"P0HUC8DAJZ","description":null,"parentIntentSignature":null,"sampleUtterances":[{"utterance":"I have provided the information already"},{"utterance":"I completed the form"},{"utterance":"You should have access to the data"},{"utterance":"You have the data"},{"utterance":"Check in the system"},{"utterance":"Yes, I did"},{"utterance":"Yes"},{"utterance":"Existing patient"},{"utterance":"I want to try again"}],"intentConfirmationSetting":{"isActive":true,"declinationResponse":{"messageGroupsList":[{"message":{"plainTextMessage":{"value":"Ok, we can try later"},"customPayload":null,"ssmlMessage":null,"imageResponseCard":null},"variations":null}],"allowInterrupt":true},"promptSpecification":{"messageGroupsList":[{"message":{"plainTextMessage":{"value":"Please confirm the details are correct?  DOB: {dob}, Phone Number: {phone}"},"customPayload":null,"ssmlMessage":null,"imageResponseCard":null},"variations":null}],"maxRetries":4,"allowInterrupt":true}},"intentClosingSetting":{"isActive":false,"closingResponse":{"messageGroupsList":[{"message":{"plainTextMessage":{"value":"Done. I hope you are happy with the results"},"customPayload":null,"ssmlMessage":null,"imageResponseCard":null},"variations":null}],"allowInterrupt":false}},"inputContexts":[{"name":"qAskSearch","turnsToLive":null,"timeToLiveInSeconds":null}],"outputContexts":[{"name":"qAskSearch","turnsToLive":5,"timeToLiveInSeconds":90}],"kendraConfiguration":null,"dialogCodeHook":{"enabled":false},"fulfillmentCodeHook":{"postFulfillmentStatusSpecification":{"timeoutResponse":{"messageGroupsList":[{"message":{"plainTextMessage":{"value":"Oh no, my other robo collegues are nor available to assist me. Could you please try again tomorrow?"},"customPayload":null,"ssmlMessage":null,"imageResponseCard":null},"variations":null}],"allowInterrupt":true},"failureResponse":{"messageGroupsList":[{"message":{"plainTextMessage":{"value":"Oh oh. Something went wrong. Could you please try again tomorrow. I will report this to my Manager (Yes, she is also a Robot)"},"customPayload":null,"ssmlMessage":null,"imageResponseCard":null},"variations":null}],"allowInterrupt":true},"successResponse":{"messageGroupsList":[{"message":{"plainTextMessage":{"value":"Done"},"customPayload":null,"ssmlMessage":null,"imageResponseCard":null},"variations":null}],"allowInterrupt":true}},"fulfillmentUpdatesSpecification":{"active":false,"timeoutInSeconds":30,"startResponse":{"delayInSeconds":1,"allowInterrupt":true,"messageGroups":[{"message":{"plainTextMessage":{"value":"Ok, I am now validating our data"},"customPayload":null,"ssmlMessage":null,"imageResponseCard":null},"variations":null}]},"updateResponse":{"frequencyInSeconds":10,"allowInterrupt":true,"messageGroups":[{"message":{"plainTextMessage":{"value":"... still working on it"},"customPayload":null,"ssmlMessage":null,"imageResponseCard":null},"variations":null}]}},"enabled":true},"slotPriorities":[{"priority":2,"slotName":"dob"},{"priority":1,"slotName":"phone"}]}