{"name":"origin","identifier":"HWZU6HSGCD","description":null,"slotTypeName":"origin","obfuscationSetting":null,"valueElicitationSetting":{"promptSpecification":{"messageGroupsList":[{"message":{"plainTextMessage":null,"customPayload":null,"ssmlMessage":null,"imageResponseCard":{"title":"Where were you born?","buttonsList":[{"value":"Australia","text":"a. Australia"},{"value":"Asia","text":"b. Asia (Including the Indian sub continent))"},{"value":"Middle East","text":"c. Middle East"},{"value":"North America","text":"d. North America"},{"value":"Other","text":"e. Other"}],"subtitle":null,"imageUrl":null}},"variations":null}],"maxRetries":2,"allowInterrupt":true},"defaultValueSpecification":null,"waitAndContinueSpecification":null,"slotConstraint":"Required","sampleUtterances":null},"multipleValuesSetting":null}