{"name":"waist","identifier":"UWJ70YFROX","description":null,"slotTypeValues":[{"synonyms":[{"value":"S"},{"value":"M"},{"value":"Small"},{"value":"Medium"},{"value":"Less than 102cm"},{"value":"a"}],"sampleValue":{"value":"s-m"}},{"synonyms":[{"value":"L"},{"value":"XL"},{"value":"Between 102 and 110cm"},{"value":"b"}],"sampleValue":{"value":"l-xl"}},{"synonyms":[{"value":"More than 110cm"},{"value":"XXL"},{"value":"c"}],"sampleValue":{"value":"xxl"}}],"parentSlotTypeSignature":null,"valueSelectionSetting":{"resolutionStrategy":"TOP_RESOLUTION","regexFilter":null}}