{"name":"waist","identifier":"VTGNLYAHE6","description":null,"slotTypeName":"waist","obfuscationSetting":null,"valueElicitationSetting":{"promptSpecification":{"messageGroupsList":[{"message":{"plainTextMessage":null,"customPayload":null,"ssmlMessage":null,"imageResponseCard":{"title":"Your waist measurement is:","buttonsList":[{"value":"Less than 102","text":"Less than 102 (Clothing size S or M)"},{"value":"Between 102 and 110cm","text":"Between 102 and 110cm (Clothing size L or XL)"},{"value":"More than 110cm","text":"More than 110cm (Clothing size XXL or larger)"}],"subtitle":null,"imageUrl":null}},"variations":null}],"maxRetries":2,"allowInterrupt":true},"defaultValueSpecification":null,"waitAndContinueSpecification":null,"slotConstraint":"Required","sampleUtterances":null},"multipleValuesSetting":null}