{"name":"physical_activity","identifier":"EAMCD63MG0","description":null,"slotTypeName":"physical_activity","obfuscationSetting":null,"valueElicitationSetting":{"promptSpecification":{"messageGroupsList":[{"message":{"plainTextMessage":null,"customPayload":null,"ssmlMessage":null,"imageResponseCard":{"title":"On average, would you say you do at least 2.5 hours of physical activity per week?","buttonsList":[{"value":"Yes","text":"a. Yes"},{"value":"No","text":"b. No"}],"subtitle":"(for example, 30 minutes a day, on 5 or more days a week)","imageUrl":null}},"variations":null}],"maxRetries":4,"allowInterrupt":true},"defaultValueSpecification":null,"waitAndContinueSpecification":null,"slotConstraint":"Required","sampleUtterances":null},"multipleValuesSetting":null}