{"name":"Information","identifier":"SVK1TAC3NO","description":null,"parentIntentSignature":null,"sampleUtterances":[{"utterance":"I want to know more about Diabetes"},{"utterance":"Please more information"},{"utterance":"option 3"},{"utterance":"third option "}],"intentConfirmationSetting":null,"intentClosingSetting":{"isActive":true,"closingResponse":{"messageGroupsList":[{"message":{"plainTextMessage":{"value":"We know the best expert is town. Shop 1, 364 Canterbury Rd, Canterbury NSW 2193 https://ifitgroup.com.au/"},"customPayload":null,"ssmlMessage":null,"imageResponseCard":null},"variations":null}],"allowInterrupt":true}},"inputContexts":null,"outputContexts":null,"kendraConfiguration":null,"dialogCodeHook":null,"fulfillmentCodeHook":null,"slotPriorities":[]}