{"name":"Bye","identifier":"S2ZCFUWHIH","description":null,"parentIntentSignature":null,"sampleUtterances":[{"utterance":"Bye"},{"utterance":"Have a good day"}],"intentConfirmationSetting":null,"intentClosingSetting":{"isActive":true,"closingResponse":{"messageGroupsList":[{"message":{"plainTextMessage":{"value":"Beep Beep. Bye Bye. "},"customPayload":null,"ssmlMessage":null,"imageResponseCard":null},"variations":[{"plainTextMessage":{"value":"Until the next time. Ciao"},"customPayload":null,"ssmlMessage":null,"imageResponseCard":null}]}],"allowInterrupt":true}},"inputContexts":null,"outputContexts":null,"kendraConfiguration":null,"dialogCodeHook":null,"fulfillmentCodeHook":null,"slotPriorities":[]}