{"name":"alcohol","identifier":"JMSDWEBOCJ","description":null,"slotTypeName":"alcohol","obfuscationSetting":null,"valueElicitationSetting":{"promptSpecification":{"messageGroupsList":[{"message":{"plainTextMessage":null,"customPayload":null,"ssmlMessage":null,"imageResponseCard":{"title":"How often do you consume alcohol?","buttonsList":[{"value":"Daily","text":"a. Daily"},{"value":"Weekly","text":"b. Weekly"},{"value":"Monthly","text":"c. Monthly"},{"value":"Occasionally","text":"d. Occasionally"},{"value":"Never","text":"e. Never"}],"subtitle":null,"imageUrl":null}},"variations":null}],"maxRetries":4,"allowInterrupt":true},"defaultValueSpecification":null,"waitAndContinueSpecification":null,"slotConstraint":"Required","sampleUtterances":null},"multipleValuesSetting":null}