{"name":"diet","identifier":"1WFAY5JZNV","description":null,"slotTypeName":"diet","obfuscationSetting":null,"valueElicitationSetting":{"promptSpecification":{"messageGroupsList":[{"message":{"plainTextMessage":null,"customPayload":null,"ssmlMessage":null,"imageResponseCard":{"title":"Do you eat vegetables or fruits daily?","buttonsList":[{"value":"Yes","text":"a. Yes"},{"value":"No","text":"b. No"}],"subtitle":null,"imageUrl":null}},"variations":null}],"maxRetries":4,"allowInterrupt":true},"defaultValueSpecification":null,"waitAndContinueSpecification":null,"slotConstraint":"Required","sampleUtterances":null},"multipleValuesSetting":null}