{"name":"aboriginal","identifier":"BCO2BUHQR3","description":null,"slotTypeName":"aboriginal","obfuscationSetting":null,"valueElicitationSetting":{"promptSpecification":{"messageGroupsList":[{"message":{"plainTextMessage":null,"customPayload":null,"ssmlMessage":null,"imageResponseCard":{"title":"Are you Aboriginal. Torres Strait Islander or Maori descent?","buttonsList":[{"value":"Yes","text":"a. Yes"},{"value":"No","text":"b. No"}],"subtitle":null,"imageUrl":null}},"variations":null}],"maxRetries":2,"allowInterrupt":true},"defaultValueSpecification":null,"waitAndContinueSpecification":null,"slotConstraint":"Required","sampleUtterances":null},"multipleValuesSetting":null}