{"name":"services","identifier":"OEAX8AFKEB","description":null,"slotTypeValues":[{"synonyms":[{"value":"I want to predict if a patient is at risk of developing Diabetes"},{"value":"option 2"}],"sampleValue":{"value":"practitioners"}},{"synonyms":[{"value":"I want to know if I am at risk of developing diabetes"},{"value":"option 1"}],"sampleValue":{"value":"public"}},{"synonyms":[{"value":"I want to know more about Diabetes"},{"value":"option 3"}],"sampleValue":{"value":"info"}}],"parentSlotTypeSignature":null,"valueSelectionSetting":{"resolutionStrategy":"TOP_RESOLUTION","regexFilter":null}}