{"name":"ThankYou","identifier":"QIXA3KCHIZ","description":null,"parentIntentSignature":null,"sampleUtterances":[{"utterance":"Thanks"},{"utterance":"Thank You"},{"utterance":"Cheers"},{"utterance":"I appreaciate it"},{"utterance":"ok thanks"}],"intentConfirmationSetting":null,"intentClosingSetting":{"isActive":true,"closingResponse":{"messageGroupsList":[{"message":{"plainTextMessage":{"value":"You are wellcome"},"customPayload":null,"ssmlMessage":null,"imageResponseCard":null},"variations":[{"plainTextMessage":{"value":"My pleasure"},"customPayload":null,"ssmlMessage":null,"imageResponseCard":null},{"plainTextMessage":{"value":"I am here to help"},"customPayload":null,"ssmlMessage":null,"imageResponseCard":null}]}],"allowInterrupt":true}},"inputContexts":null,"outputContexts":null,"kendraConfiguration":null,"dialogCodeHook":null,"fulfillmentCodeHook":null,"slotPriorities":[]}