{"name":"family_history","identifier":"TRWUMUPKSX","description":null,"slotTypeName":"family_history","obfuscationSetting":null,"valueElicitationSetting":{"promptSpecification":{"messageGroupsList":[{"message":{"plainTextMessage":null,"customPayload":null,"ssmlMessage":null,"imageResponseCard":{"title":"Have either of your parents, or any of your brothers or sisters, been diagnosed with diabetes (type 1 or type 2)?","buttonsList":[{"value":"Yes","text":"a. Yes"},{"value":"No","text":"b. No"}],"subtitle":null,"imageUrl":null}},"variations":null}],"maxRetries":4,"allowInterrupt":true},"defaultValueSpecification":null,"waitAndContinueSpecification":null,"slotConstraint":"Required","sampleUtterances":null},"multipleValuesSetting":null}