{"name":"ageGroup","identifier":"ZLMMB2SCKC","description":null,"slotTypeName":"ageGroup","obfuscationSetting":null,"valueElicitationSetting":{"promptSpecification":{"messageGroupsList":[{"message":{"plainTextMessage":null,"customPayload":null,"ssmlMessage":null,"imageResponseCard":{"title":"You will be prompted with a few questions. Please answer all of them:","buttonsList":[{"value":"Younger than 35 years old","text":"a. Under 35 years"},{"value":"Between 35 and 44 years","text":"b. 35-44 years"},{"value":"Between 45 and 54 years","text":"c. 45-54 years"},{"value":"Between 55 and 64 years","text":"d. 55-64 years"},{"value":"65 years or over","text":"e. 65 years or over"}],"subtitle":"What is your age group?","imageUrl":null}},"variations":null}],"maxRetries":1,"allowInterrupt":false},"defaultValueSpecification":null,"waitAndContinueSpecification":null,"slotConstraint":"Required","sampleUtterances":null},"multipleValuesSetting":null}