{"name":"gender","identifier":"IJEX16GFZT","description":null,"slotTypeName":"gender","obfuscationSetting":null,"valueElicitationSetting":{"promptSpecification":{"messageGroupsList":[{"message":{"plainTextMessage":null,"customPayload":null,"ssmlMessage":null,"imageResponseCard":{"title":"What is you gender?","buttonsList":[{"value":"Male","text":"Male"},{"value":"Female","text":"Female"}],"subtitle":null,"imageUrl":null}},"variations":null}],"maxRetries":2,"allowInterrupt":true},"defaultValueSpecification":null,"waitAndContinueSpecification":null,"slotConstraint":"Required","sampleUtterances":null},"multipleValuesSetting":null}