{"name":"CancelIntent","identifier":"WMXXKVSKXC","description":null,"parentIntentSignature":"AMAZON.CancelIntent","sampleUtterances":null,"intentConfirmationSetting":null,"intentClosingSetting":{"isActive":true,"closingResponse":{"messageGroupsList":[{"message":{"plainTextMessage":{"value":"Ok. I will wait for more instructions. Please let me know what I can do for you"},"customPayload":null,"ssmlMessage":null,"imageResponseCard":null},"variations":null}],"allowInterrupt":true}},"inputContexts":null,"outputContexts":null,"kendraConfiguration":null,"dialogCodeHook":null,"fulfillmentCodeHook":null,"slotPriorities":[]}