{"name":"public_Ask","identifier":"WSUCCLREAY","description":"Service created for a public audience","parentIntentSignature":null,"sampleUtterances":[{"utterance":"I want to predict if I am at risk of Diabetes"},{"utterance":"I would like the first option"},{"utterance":"I want to predict if I am at risk of developing diabetes"},{"utterance":"Number 1"},{"utterance":"first option"},{"utterance":"option one"},{"utterance":"I am not a practitioner"},{"utterance":"option a"},{"utterance":"I want to know if I am at risk"},{"utterance":"option 1"}],"intentConfirmationSetting":{"isActive":true,"declinationResponse":{"messageGroupsList":[{"message":{"plainTextMessage":{"value":"Okay. Your request will not be submitted"},"customPayload":null,"ssmlMessage":null,"imageResponseCard":null},"variations":null}],"allowInterrupt":true},"promptSpecification":{"messageGroupsList":[{"message":{"plainTextMessage":{"value":"Can I go ahead with the request?"},"customPayload":null,"ssmlMessage":null,"imageResponseCard":null},"variations":null}],"maxRetries":4,"allowInterrupt":true}},"intentClosingSetting":null,"inputContexts":null,"outputContexts":null,"kendraConfiguration":null,"dialogCodeHook":null,"fulfillmentCodeHook":{"postFulfillmentStatusSpecification":{"timeoutResponse":null,"failureResponse":null,"successResponse":{"messageGroupsList":[{"message":{"plainTextMessage":{"value":"How can we help?"},"customPayload":null,"ssmlMessage":null,"imageResponseCard":null},"variations":null}],"allowInterrupt":true}},"fulfillmentUpdatesSpecification":null,"enabled":true},"slotPriorities":[{"priority":9,"slotName":"diet"},{"priority":3,"slotName":"aboriginal"},{"priority":10,"slotName":"physical_activity"},{"priority":5,"slotName":"glusoce"},{"priority":4,"slotName":"origin"},{"priority":2,"slotName":"gender"},{"priority":7,"slotName":"alcohol"},{"priority":12,"slotName":"family_history"},{"priority":6,"slotName":"blood_pressure"},{"priority":11,"slotName":"waist"},{"priority":8,"slotName":"smoke"},{"priority":1,"slotName":"ageGroup"}]}