{"name":"pract_Ask","identifier":"P24UPZ3MSI","description":"For practitioners that does not have the data in the system","parentIntentSignature":null,"sampleUtterances":[{"utterance":"no"},{"utterance":"I prefer to give you the details my self"},{"utterance":"I am not sure"}],"intentConfirmationSetting":{"isActive":true,"declinationResponse":{"messageGroupsList":[{"message":{"plainTextMessage":{"value":"Ok, we can try once again"},"customPayload":null,"ssmlMessage":null,"imageResponseCard":null},"variations":null}],"allowInterrupt":true},"promptSpecification":{"messageGroupsList":[{"message":{"plainTextMessage":{"value":"is the data correct?"},"customPayload":null,"ssmlMessage":null,"imageResponseCard":null},"variations":null}],"maxRetries":4,"allowInterrupt":true}},"intentClosingSetting":{"isActive":true,"closingResponse":{"messageGroupsList":[{"message":{"plainTextMessage":{"value":"Ready to crunch the data"},"customPayload":null,"ssmlMessage":null,"imageResponseCard":null},"variations":null}],"allowInterrupt":true}},"inputContexts":[{"name":"qAskSearch","turnsToLive":null,"timeToLiveInSeconds":null}],"outputContexts":null,"kendraConfiguration":null,"dialogCodeHook":null,"fulfillmentCodeHook":{"postFulfillmentStatusSpecification":{"timeoutResponse":{"messageGroupsList":[{"message":{"plainTextMessage":{"value":"Time ran out and we could not get a response. I am afraid that we will have to try at another time"},"customPayload":null,"ssmlMessage":null,"imageResponseCard":null},"variations":null}],"allowInterrupt":true},"failureResponse":{"messageGroupsList":[{"message":{"plainTextMessage":{"value":"oh oh. Something unexpected happened. Could you please try again later? I will report this to my manager"},"customPayload":null,"ssmlMessage":null,"imageResponseCard":null},"variations":null}],"allowInterrupt":true},"successResponse":{"messageGroupsList":[{"message":{"plainTextMessage":{"value":"Ready to crunch the data"},"customPayload":null,"ssmlMessage":null,"imageResponseCard":null},"variations":null}],"allowInterrupt":true}},"fulfillmentUpdatesSpecification":null,"enabled":true},"slotPriorities":[{"priority":4,"slotName":"bmi"},{"priority":1,"slotName":"glucose"},{"priority":2,"slotName":"bloodPressure"},{"priority":3,"slotName":"insulin"}]}