{"name":"origin","identifier":"FITLQZPNEZ","description":null,"slotTypeValues":[{"synonyms":[{"value":"Australia"},{"value":"a"}],"sampleValue":{"value":"australia"}},{"synonyms":[{"value":"Asia"},{"value":"India"},{"value":"b"}],"sampleValue":{"value":"asia"}},{"synonyms":[{"value":"Middle East"},{"value":"c"}],"sampleValue":{"value":"middle_east"}},{"synonyms":[{"value":"North Africa"},{"value":"Africa"},{"value":"d"}],"sampleValue":{"value":"north_africa"}},{"synonyms":[{"value":"none"},{"value":"other"}],"sampleValue":{"value":"other"}}],"parentSlotTypeSignature":null,"valueSelectionSetting":{"resolutionStrategy":"TOP_RESOLUTION","regexFilter":null}}